{
    "current_product": "螺纹钢",
    "products": {
        "螺纹钢": {
            "name": "螺纹钢",
            "contract_code": "RB2505",
            "model_doc": "全息模型维度.docx",
            "industry_doc": "螺纹钢产业模型.docx",
            "data_file": "螺纹钢生产及期货价格情况.xlsx",
            "exchange": "SHFE",
            "description": "上海期货交易所螺纹钢期货"
        },
        "烧碱": {
            "name": "烧碱",
            "contract_code": "SH2505",
            "model_doc": "全息模型维度.docx",
            "industry_doc": "烧碱产业模型.docx",
            "data_file": "烧碱生产及期货价格情况.xlsx",
            "exchange": "CZCE",
            "description": "郑州商品交易所烧碱期货"
        }
    },
    "kline_settings": {
        "default_bars": 200,
        "update_interval": 60,
        "timeframe": "1d"
    }
}